name,category
Rich Cabbage Pasta,vegetable
Spicy Asparagus Salad,vegetable
Homestyle Eggplant Rice Bowl,vegetable
Classic Tomato Cake,vegetable
Simple Pear Cutlet,fruit
Homestyle Tomato Stir Fry,vegetable
Roasted Eggplant Salsa,vegetable
Baked Asparagus Salsa,vegetable
Classic Pumpkin Pulao,vegetable
Baked Pomegranate Wrap,fruit
Quick Garlic Masala,vegetable
Buttery Coconut Salad,fruit
Herbed Onion Rice Bowl,vegetable
Buttery Pumpkin Pulao,vegetable
Quick Okra Noodles,vegetable
Simple Corn Stir Fry,vegetable
Spicy Pineapple Fries,fruit
Spicy Pumpkin Salsa,vegetable
Baked Sweet Potato Muffins,vegetable
Golden Raspberry Curry,fruit
Spicy Zucchini Stir Fry,vegetable
Healthy Tangerine Noodles,fruit
Healthy Mango Bread,fruit
Fresh Corn Sandwich,vegetable
Easy Cranberry Muffins,fruit
Buttery Pomegranate Chutney,fruit
Sweet Lemon Roll,fruit
Baked Cabbage Pickle,vegetable
Traditional Cabbage Stir Fry,vegetable
Buttery Cauliflower Fries,vegetable
Spicy Orange Kebab,fruit
Classic Pear Stir Fry,fruit
Quick Sweet Potato Juice,vegetable
Quick Coconut Pie,fruit
Rich Lychee Kebab,fruit
Spicy Lychee Rice Bowl,fruit
Baked Kale Gravy,vegetable
Tangy Peas Sandwich,vegetable
Golden Lettuce Cutlet,vegetable
Tangy Orange Roast,fruit
Buttery Papaya Pickle,fruit
Healthy Blackberry Pickle,fruit
Grilled Blackberry Pancakes,fruit
Creamy Eggplant Pickle,vegetable
Tangy Apple Kebab,fruit
Healthy Banana Sandwich,fruit
Sweet Leek Pickle,vegetable
Grilled Zucchini Bread,vegetable
Grilled Lychee Noodles,fruit
Sweet Eggplant Noodles,vegetable
Buttery Bitter Gourd Cake,vegetable
Healthy Eggplant Pulao,vegetable
Healthy Melon Pancakes,fruit
Classic Tomato Salad,vegetable
Classic Blackberry Tart,fruit
Quick Pineapple Bread,fruit
Easy Capsicum Chutney,vegetable
Spicy Blackberry Bake,fruit
Healthy Pomegranate Roast,fruit
Crispy Asparagus Roast,vegetable
Roasted Melon Soup,fruit
Rich Guava Pancakes,fruit
Traditional Green Beans Cutlet,vegetable
Crispy Pomegranate Roll,fruit
Tangy Cauliflower Pasta,vegetable
Simple Cauliflower Stir Fry,vegetable
Herbed Radish Pulao,vegetable
Homestyle Eggplant Salsa,vegetable
Spicy Cherry Pickle,fruit
Creamy Spinach Bake,vegetable
Quick Kiwi Pie,fruit
Classic Dragon Fruit Juice,fruit
Roasted Bitter Gourd Smoothie,vegetable
Healthy Sweet Potato Roast,vegetable
Healthy Mango Muffins,fruit
Easy Apple Noodles,fruit
Baked Cucumber Kebab,vegetable
Grilled Melon Stir Fry,fruit
Healthy Celery Pickle,vegetable
Herbed Kiwi Fries,fruit
Grilled Okra Bread,vegetable
Creamy Cranberry Tart,fruit
Classic Grape Fries,fruit
Crispy Papaya Masala,fruit
Quick Lychee Cutlet,fruit
Healthy Green Beans Gravy,vegetable
Healthy Beetroot Pancakes,vegetable
Crispy Eggplant Rice Bowl,vegetable
Classic Eggplant Sandwich,vegetable
Herbed Peach Bread,fruit
Quick Lychee Pasta,fruit
Simple Guava Stir Fry,fruit
Buttery Beetroot Bread,vegetable
Easy Pomegranate Salad,fruit
Baked Carrot Salad,vegetable
Healthy Blackberry Pasta,fruit
Rich Bottle Gourd Masala,vegetable
Buttery Apple Muffins,fruit
Homestyle Apricot Noodles,fruit
Herbed Beetroot Salsa,vegetable
Quick Cabbage Kebab,vegetable
Herbed Plum Salad,fruit
Simple Corn Wrap,vegetable
Herbed Lychee Curry,fruit
Roasted Bottle Gourd Wrap,vegetable
Creamy Beetroot Roll,vegetable
Homestyle Eggplant Muffins,vegetable
Fresh Capsicum Cake,vegetable
Sweet Peach Sandwich,fruit
Grilled Sweet Potato Fries,vegetable
Healthy Mushroom Pulao,vegetable
Fresh Onion Smoothie,vegetable
Crispy Celery Smoothie,vegetable
Rich Broccoli Cutlet,vegetable
Healthy Pear Smoothie,fruit
Buttery Papaya Stir Fry,fruit
Healthy Papaya Roast,fruit
Crispy Kale Bake,vegetable
Fresh Tomato Bread,vegetable
Traditional Lemon Bread,fruit
Homestyle Celery Pancakes,vegetable
Tangy Passion Fruit Gravy,fruit
Golden Sweet Potato Pasta,vegetable
Buttery Raspberry Roll,fruit
Golden Cranberry Fries,fruit
Homestyle Peas Bread,vegetable
Homestyle Okra Stir Fry,vegetable
Creamy Apple Roll,fruit
Rich Cucumber Stew,vegetable
Roasted Onion Masala,vegetable
Roasted Leek Stir Fry,vegetable
Traditional Turnip Cutlet,vegetable
Rich Dragon Fruit Pie,fruit
Grilled Pumpkin Pie,vegetable
Homestyle Bitter Gourd Sandwich,vegetable
Buttery Apricot Bake,fruit
Easy Strawberry Tart,fruit
Rich Pear Pulao,fruit
Classic Passion Fruit Roast,fruit
Easy Lime Fries,fruit
Creamy Strawberry Bake,fruit
Baked Grape Stir Fry,fruit
Crispy Tomato Masala,vegetable
Healthy Cranberry Juice,fruit
Grilled Cabbage Smoothie,vegetable
Sweet Zucchini Stew,vegetable
Homestyle Leek Salsa,vegetable
Healthy Plum Cake,fruit
Golden Green Beans Sandwich,vegetable
Simple Dragon Fruit Rice Bowl,fruit
Roasted Asparagus Masala,vegetable
Tangy Mango Cake,fruit
Rich Cucumber Pie,vegetable
Herbed Coconut Muffins,fruit
Roasted Asparagus Pasta,vegetable
Herbed Apricot Rice Bowl,fruit
Classic Coconut Noodles,fruit
Golden Bottle Gourd Roll,vegetable
Spicy Blueberry Pulao,fruit
Tangy Bitter Gourd Smoothie,vegetable
Buttery Lettuce Bread,vegetable
Rich Corn Masala,vegetable
Herbed Mushroom Masala,vegetable
Rich Sweet Potato Muffins,vegetable
Roasted Radish Juice,vegetable
Baked Carrot Gravy,vegetable
Baked Mango Chutney,fruit
Tangy Tomato Cake,vegetable
Crispy Lemon Stir Fry,fruit
Rich Grape Cutlet,fruit
Traditional Cranberry Soup,fruit
Herbed Blackberry Sandwich,fruit
Buttery Orange Soup,fruit
Quick Mushroom Masala,vegetable
Healthy Passion Fruit Gravy,fruit
Quick Fig Tart,fruit
Tangy Banana Tart,fruit
Tangy Lemon Cutlet,fruit
Creamy Potato Pancakes,vegetable
Baked Green Beans Cake,vegetable
Baked Tangerine Roast,fruit
Sweet Kale Pie,vegetable
Crispy Mango Soup,fruit
Sweet Peas Bake,vegetable
Classic Lettuce Salsa,vegetable
Grilled Watermelon Bake,fruit
Tangy Orange Salsa,fruit
Buttery Watermelon Pie,fruit
Creamy Sweet Potato Gravy,vegetable
Spicy Pumpkin Rice Bowl,vegetable
Buttery Garlic Noodles,vegetable
Simple Corn Roll,vegetable
Golden Potato Sandwich,vegetable
Buttery Apricot Noodles,fruit
Herbed Kiwi Gravy,fruit
Sweet Fig Pulao,fruit
Quick Grape Roast,fruit
Grilled Kiwi Bread,fruit
Fresh Peas Bake,vegetable
Buttery Pomegranate Pickle,fruit
Roasted Blueberry Sandwich,fruit
Traditional Kale Cake,vegetable
Homestyle Bitter Gourd Gravy,vegetable
Spicy Pumpkin Pulao,vegetable
Tangy Sweet Potato Juice,vegetable
Quick Spinach Pancakes,vegetable
Roasted Raspberry Soup,fruit
Healthy Cabbage Fries,vegetable
Crispy Dragon Fruit Rice Bowl,fruit
Healthy Green Beans Juice,vegetable
Golden Coconut Cake,fruit
Classic Blackberry Smoothie,fruit
Golden Corn Juice,vegetable
Buttery Beetroot Pulao,vegetable
Herbed Green Beans Bake,vegetable
Rich Papaya Wrap,fruit
Herbed Mushroom Noodles,vegetable
Healthy Strawberry Juice,fruit
Herbed Capsicum Wrap,vegetable
Healthy Onion Salsa,vegetable
Buttery Melon Noodles,fruit
Creamy Corn Fries,vegetable
Rich Bitter Gourd Chutney,vegetable
Simple Strawberry Chutney,fruit
Golden Cauliflower Pancakes,vegetable
Homestyle Watermelon Juice,fruit
Quick Cabbage Salsa,vegetable
Grilled Coconut Salad,fruit
Easy Lettuce Roll,vegetable
Baked Spinach Soup,vegetable
Creamy Raspberry Roast,fruit
Rich Celery Smoothie,vegetable
Grilled Apple Fries,fruit
Baked Cucumber Rice Bowl,vegetable
Healthy Raspberry Roll,fruit
Classic Lychee Noodles,fruit
Golden Blueberry Gravy,fruit
Healthy Kale Muffins,vegetable
Sweet Blackberry Bake,fruit
Fresh Watermelon Smoothie,fruit
Buttery Pomegranate Roll,fruit
Easy Dragon Fruit Cutlet,fruit
Healthy Leek Pancakes,vegetable
Classic Potato Juice,vegetable
Rich Passion Fruit Pickle,fruit
Buttery Pear Gravy,fruit
Creamy Pomegranate Pickle,fruit
Creamy Passion Fruit Juice,fruit
Roasted Pomegranate Cake,fruit
Homestyle Dragon Fruit Wrap,fruit
Fresh Passion Fruit Roll,fruit
Spicy Turnip Muffins,vegetable
Tangy Mushroom Pancakes,vegetable
Baked Beetroot Gravy,vegetable
Grilled Peach Bread,fruit
Simple Lychee Pickle,fruit
Homestyle Pumpkin Pickle,vegetable
Traditional Eggplant Cake,vegetable
Fresh Peas Wrap,vegetable
Classic Banana Curry,fruit
Baked Bottle Gourd Wrap,vegetable
Grilled Cranberry Kebab,fruit
Tangy Melon Pickle,fruit
Traditional Tangerine Juice,fruit
Golden Watermelon Masala,fruit
Rich Carrot Bake,vegetable
Rich Celery Gravy,vegetable
Rich Tangerine Roast,fruit
Tangy Radish Wrap,vegetable
Easy Orange Pulao,fruit
Sweet Fig Smoothie,fruit
Buttery Peach Rice Bowl,fruit
Creamy Eggplant Pulao,vegetable
Creamy Guava Wrap,fruit
Creamy Peas Muffins,vegetable
Rich Kiwi Stew,fruit
Herbed Orange Pasta,fruit
Golden Tomato Roll,vegetable
Buttery Pineapple Noodles,fruit
Classic Garlic Gravy,vegetable
Herbed Beetroot Smoothie,vegetable
Traditional Spinach Juice,vegetable
Crispy Pear Cutlet,fruit
Grilled Blackberry Bread,fruit
Spicy Guava Salsa,fruit
Simple Potato Cake,vegetable
Herbed Peach Kebab,fruit
Baked Fig Salad,fruit
Healthy Plum Pasta,fruit
Herbed Carrot Pancakes,vegetable
Fresh Turnip Pickle,vegetable
Crispy Beetroot Chutney,vegetable
Baked Green Beans Roast,vegetable
Classic Blueberry Pie,fruit
Fresh Dragon Fruit Smoothie,fruit
Rich Strawberry Stew,fruit
Fresh Sweet Potato Roast,vegetable
Easy Peach Roll,fruit
Buttery Cranberry Curry,fruit
Baked Pineapple Wrap,fruit
Creamy Cucumber Masala,vegetable
Creamy Guava Bread,fruit
Herbed Grape Curry,fruit
Grilled Raspberry Juice,fruit
Grilled Peas Cutlet,vegetable
Creamy Corn Bake,vegetable
Buttery Cherry Smoothie,fruit
Roasted Celery Bake,vegetable
Easy Pumpkin Stew,vegetable
Golden Pumpkin Pulao,vegetable
Traditional Bitter Gourd Salsa,vegetable
Buttery Celery Sandwich,vegetable
Buttery Green Beans Juice,vegetable
Rich Sweet Potato Roll,vegetable
Grilled Cherry Pancakes,fruit
Healthy Cranberry Salad,fruit
Spicy Strawberry Cake,fruit
Sweet Fig Bread,fruit
Grilled Beetroot Stew,vegetable
Fresh Peach Roast,fruit
Golden Blueberry Bake,fruit
Golden Melon Cake,fruit
Tangy Lychee Juice,fruit
Rich Peas Curry,vegetable
Roasted Garlic Smoothie,vegetable
Grilled Beetroot Salad,vegetable
Creamy Lychee Salsa,fruit
Easy Coconut Cutlet,fruit
Herbed Beetroot Bread,vegetable
Herbed Kiwi Bread,fruit
Crispy Green Beans Cutlet,vegetable
Rich Watermelon Masala,fruit
Golden Garlic Pulao,vegetable
Baked Leek Salad,vegetable
Spicy Fig Smoothie,fruit
Baked Melon Bake,fruit
Easy Mushroom Pancakes,vegetable
Roasted Cabbage Curry,vegetable
Crispy Onion Kebab,vegetable
Quick Potato Pasta,vegetable
Simple Pineapple Pasta,fruit
Buttery Pomegranate Kebab,fruit
Tangy Lime Kebab,fruit
Golden Apricot Noodles,fruit
Roasted Mango Pickle,fruit
Simple Kiwi Fries,fruit
Classic Eggplant Smoothie,vegetable
Grilled Cucumber Pie,vegetable
Sweet Apple Salad,fruit
Herbed Pumpkin Smoothie,vegetable
Sweet Guava Kebab,fruit
Tangy Grape Masala,fruit
Creamy Okra Sandwich,vegetable
Traditional Tangerine Curry,fruit
Fresh Guava Wrap,fruit
Traditional Watermelon Muffins,fruit
Homestyle Coconut Pickle,fruit
Creamy Apricot Roll,fruit
Healthy Guava Wrap,fruit
Healthy Lime Salad,fruit
Traditional Pineapple Noodles,fruit
Roasted Turnip Roll,vegetable
Fresh Tangerine Bake,fruit
Buttery Lemon Bread,fruit
Creamy Lime Wrap,fruit
Roasted Fig Fries,fruit
Sweet Capsicum Bake,vegetable
Tangy Orange Pancakes,fruit
Herbed Watermelon Bread,fruit
Herbed Tomato Soup,vegetable
Fresh Lime Sandwich,fruit
Healthy Peas Sandwich,vegetable
Traditional Apple Pulao,fruit
Creamy Cranberry Roll,fruit
Golden Pineapple Stew,fruit
Simple Bottle Gourd Cutlet,vegetable
Grilled Orange Stew,fruit
Healthy Watermelon Soup,fruit
Easy Peas Muffins,vegetable
Simple Lettuce Roast,vegetable
Buttery Kiwi Fries,fruit
Crispy Papaya Roast,fruit
Roasted Turnip Kebab,vegetable
Rich Pear Juice,fruit
Healthy Cherry Salad,fruit
Traditional Peas Chutney,vegetable
Simple Leek Fries,vegetable
Classic Banana Pancakes,fruit
Herbed Cucumber Roast,vegetable
Fresh Sweet Potato Cake,vegetable
Fresh Watermelon Curry,fruit
Baked Tangerine Muffins,fruit
Buttery Eggplant Masala,vegetable
Classic Pear Stew,fruit
Creamy Eggplant Tart,vegetable
Homestyle Lemon Curry,fruit
Sweet Pear Rice Bowl,fruit
Baked Apricot Muffins,fruit
Grilled Potato Cake,vegetable
Easy Corn Smoothie,vegetable
Healthy Banana Bread,fruit
Herbed Plum Noodles,fruit
Fresh Cauliflower Muffins,vegetable
Roasted Asparagus Cake,vegetable
Grilled Potato Stew,vegetable
Easy Cabbage Salad,vegetable
Baked Cauliflower Salsa,vegetable
Traditional Passion Fruit Chutney,fruit
Creamy Lemon Smoothie,fruit
Buttery Spinach Bake,vegetable
Easy Leek Wrap,vegetable
Rich Cauliflower Curry,vegetable
Roasted Corn Pickle,vegetable
Grilled Guava Stir Fry,fruit
Baked Tomato Gravy,vegetable
Fresh Asparagus Fries,vegetable
Creamy Tomato Muffins,vegetable
Classic Cabbage Stir Fry,vegetable
Sweet Cabbage Soup,vegetable
Quick Mango Pickle,fruit
Buttery Dragon Fruit Pulao,fruit
Traditional Bottle Gourd Tart,vegetable
Sweet Lemon Bread,fruit
Homestyle Lettuce Rice Bowl,vegetable
Grilled Passion Fruit Salsa,fruit
Traditional Kiwi Pulao,fruit
Grilled Lychee Roast,fruit
Quick Dragon Fruit Cutlet,fruit
Easy Radish Kebab,vegetable
Baked Pear Stir Fry,fruit
Traditional Blueberry Pancakes,fruit
Herbed Kiwi Roast,fruit
Healthy Peach Salad,fruit
Homestyle Kiwi Smoothie,fruit
Sweet Fig Salad,fruit
Baked Lychee Rice Bowl,fruit
Healthy Lemon Pickle,fruit
Sweet Plum Roast,fruit
Easy Potato Soup,vegetable
Homestyle Beetroot Rice Bowl,vegetable
Healthy Apple Soup,fruit
Healthy Peas Pulao,vegetable
Spicy Asparagus Soup,vegetable
Classic Cabbage Pulao,vegetable
Homestyle Green Beans Pie,vegetable
Buttery Potato Muffins,vegetable
Crispy Spinach Stir Fry,vegetable
Spicy Lime Rice Bowl,fruit
Baked Kale Tart,vegetable
Roasted Lettuce Pie,vegetable
Sweet Bitter Gourd Noodles,vegetable
Herbed Bottle Gourd Stir Fry,vegetable
Simple Blackberry Rice Bowl,fruit
Classic Apple Smoothie,fruit
Classic Lime Salsa,fruit
Rich Green Beans Pancakes,vegetable
Quick Cabbage Cutlet,vegetable
Golden Corn Salad,vegetable
Creamy Watermelon Cake,fruit
Traditional Orange Curry,fruit
Classic Lime Muffins,fruit
Simple Blueberry Rice Bowl,fruit
Easy Corn Masala,vegetable
Sweet Pumpkin Cake,vegetable
Crispy Blackberry Soup,fruit
Homestyle Melon Kebab,fruit
Grilled Plum Tart,fruit
Creamy Pear Smoothie,fruit
Traditional Bottle Gourd Pickle,vegetable
Easy Pear Pie,fruit
Buttery Pineapple Bake,fruit
Classic Lemon Stir Fry,fruit
Roasted Cucumber Salsa,vegetable
Healthy Watermelon Muffins,fruit
Simple Pineapple Tart,fruit
Healthy Garlic Pasta,vegetable
Creamy Cucumber Rice Bowl,vegetable
Buttery Onion Bake,vegetable
Crispy Mushroom Stir Fry,vegetable
Tangy Zucchini Stew,vegetable
Tangy Garlic Pulao,vegetable
Fresh Pomegranate Pickle,fruit
Crispy Passion Fruit Gravy,fruit
Crispy Pomegranate Smoothie,fruit
Rich Cauliflower Smoothie,vegetable
Rich Guava Cutlet,fruit
Simple Pineapple Cake,fruit
Tangy Apricot Sandwich,fruit
Sweet Kiwi Juice,fruit
Golden Lime Sandwich,fruit
Simple Eggplant Pulao,vegetable
Quick Spinach Pie,vegetable
Simple Spinach Pasta,vegetable
Rich Kiwi Rice Bowl,fruit
Golden Cherry Noodles,fruit
Tangy Melon Noodles,fruit
Rich Orange Chutney,fruit
Homestyle Watermelon Fries,fruit
Grilled Potato Roast,vegetable
Simple Capsicum Pancakes,vegetable
Traditional Pumpkin Bake,vegetable
Baked Blueberry Roll,fruit
Baked Kiwi Stir Fry,fruit
Spicy Green Beans Cutlet,vegetable
Quick Lettuce Rice Bowl,vegetable
Baked Sweet Potato Roast,vegetable
Grilled Kale Wrap,vegetable
Simple Apricot Salsa,fruit
Creamy Carrot Bread,vegetable
Crispy Zucchini Rice Bowl,vegetable
Spicy Guava Pickle,fruit
Buttery Cauliflower Salad,vegetable
Crispy Passion Fruit Wrap,fruit
Homestyle Mango Pasta,fruit
Spicy Pear Gravy,fruit
Spicy Beetroot Bake,vegetable
Creamy Melon Tart,fruit
Healthy Melon Bread,fruit
Golden Bottle Gourd Rice Bowl,vegetable
Roasted Lime Kebab,fruit
Traditional Cranberry Pancakes,fruit
Golden Lettuce Pickle,vegetable
Simple Mushroom Rice Bowl,vegetable
Roasted Peach Stew,fruit
Simple Pear Salsa,fruit
Tangy Cabbage Roll,vegetable
Golden Mushroom Pulao,vegetable
Homestyle Cranberry Stir Fry,fruit
Herbed Zucchini Rice Bowl,vegetable
Quick Apricot Stew,fruit
Grilled Potato Pickle,vegetable
Golden Raspberry Masala,fruit
Homestyle Pumpkin Stir Fry,vegetable
Roasted Lychee Bake,fruit
Easy Garlic Juice,vegetable
Baked Pear Noodles,fruit
Creamy Dragon Fruit Salsa,fruit
Simple Mango Roll,fruit
Homestyle Spinach Stir Fry,vegetable
Creamy Kiwi Kebab,fruit
Golden Papaya Cake,fruit
Fresh Guava Stir Fry,fruit
Rich Cranberry Stir Fry,fruit
Roasted Cranberry Gravy,fruit
Rich Grape Noodles,fruit
Easy Pumpkin Soup,vegetable
Traditional Capsicum Curry,vegetable
Spicy Green Beans Pickle,vegetable
Roasted Bitter Gourd Salsa,vegetable
Golden Blueberry Soup,fruit
Grilled Guava Curry,fruit
Rich Blueberry Salad,fruit
Creamy Cauliflower Stew,vegetable
Buttery Pomegranate Cutlet,fruit
Baked Lettuce Juice,vegetable
Quick Lettuce Pickle,vegetable
Easy Watermelon Roast,fruit
Spicy Blackberry Muffins,fruit
Herbed Raspberry Bake,fruit
Homestyle Lemon Pickle,fruit
Golden Kiwi Pancakes,fruit
Simple Onion Juice,vegetable
Buttery Beetroot Juice,vegetable
Spicy Mushroom Pancakes,vegetable
Spicy Kiwi Pickle,fruit
Rich Lemon Smoothie,fruit
Baked Radish Rice Bowl,vegetable
Traditional Fig Bake,fruit
Spicy Blueberry Roast,fruit
Crispy Peas Cutlet,vegetable
Buttery Apple Bread,fruit
Simple Banana Muffins,fruit
Baked Okra Roast,vegetable
Sweet Mango Masala,fruit
Herbed Strawberry Juice,fruit
Golden Celery Pickle,vegetable
Golden Raspberry Tart,fruit
Spicy Grape Bread,fruit
Buttery Coconut Masala,fruit
Healthy Okra Wrap,vegetable
Healthy Pineapple Salad,fruit
Grilled Orange Noodles,fruit
Grilled Capsicum Chutney,vegetable
Rich Broccoli Wrap,vegetable
Crispy Carrot Curry,vegetable
Simple Cranberry Masala,fruit
Herbed Onion Juice,vegetable
Fresh Cauliflower Roast,vegetable
Sweet Watermelon Fries,fruit
Crispy Lemon Pie,fruit
Classic Grape Pulao,fruit
Grilled Tomato Roast,vegetable
Rich Cabbage Soup,vegetable
Golden Eggplant Salsa,vegetable
Grilled Capsicum Stew,vegetable
Traditional Grape Roast,fruit
Crispy Passion Fruit Fries,fruit
Spicy Tomato Juice,vegetable
Homestyle Green Beans Wrap,vegetable
Traditional Onion Rice Bowl,vegetable
Sweet Cranberry Bake,fruit
Crispy Mango Kebab,fruit
Healthy Raspberry Masala,fruit
Herbed Guava Cutlet,fruit
Rich Tomato Roast,vegetable
Sweet Okra Roll,vegetable
Homestyle Cherry Curry,fruit
Crispy Lime Soup,fruit
Herbed Pumpkin Bread,vegetable
Baked Beetroot Roast,vegetable
Homestyle Grape Pie,fruit
Rich Kiwi Sandwich,fruit
Classic Beetroot Gravy,vegetable
Easy Mushroom Pulao,vegetable
Tangy Cabbage Fries,vegetable
Classic Cabbage Pancakes,vegetable
Baked Spinach Roll,vegetable
Homestyle Kale Rice Bowl,vegetable
Grilled Cucumber Salad,vegetable
Buttery Watermelon Roll,fruit
Homestyle Beetroot Stir Fry,vegetable
Sweet Lime Noodles,fruit
Spicy Potato Fries,vegetable
Buttery Papaya Masala,fruit
Roasted Papaya Kebab,fruit
Healthy Carrot Bread,vegetable
Healthy Guava Sandwich,fruit
Traditional Pumpkin Muffins,vegetable
Grilled Celery Salsa,vegetable
Rich Kale Salad,vegetable
Golden Celery Cutlet,vegetable
Easy Peach Wrap,fruit
Rich Blackberry Tart,fruit
Buttery Bitter Gourd Sandwich,vegetable
Simple Asparagus Roast,vegetable
Herbed Pear Rice Bowl,fruit
Homestyle Lemon Stew,fruit
Tangy Potato Smoothie,vegetable
Tangy Lemon Masala,fruit
Sweet Onion Stew,vegetable
Crispy Pomegranate Salad,fruit
Homestyle Lime Masala,fruit
Sweet Coconut Masala,fruit
Crispy Leek Noodles,vegetable
Buttery Kiwi Smoothie,fruit
Rich Fig Bake,fruit
Sweet Leek Noodles,vegetable
Herbed Cucumber Fries,vegetable
Sweet Turnip Pulao,vegetable
Easy Beetroot Chutney,vegetable
Baked Papaya Roll,fruit
Tangy Sweet Potato Muffins,vegetable
Baked Bitter Gourd Wrap,vegetable
Healthy Tomato Juice,vegetable
Easy Broccoli Noodles,vegetable
Tangy Eggplant Rice Bowl,vegetable
Homestyle Tomato Rice Bowl,vegetable
Simple Bottle Gourd Pasta,vegetable
Buttery Lychee Rice Bowl,fruit
Spicy Pumpkin Pickle,vegetable
Homestyle Orange Cutlet,fruit
Herbed Beetroot Pasta,vegetable
Sweet Corn Stew,vegetable
Buttery Green Beans Chutney,vegetable
Classic Coconut Curry,fruit
Grilled Pineapple Wrap,fruit
Golden Bottle Gourd Juice,vegetable
Baked Banana Pasta,fruit
Rich Plum Stew,fruit
Quick Apricot Wrap,fruit
Healthy Lettuce Sandwich,vegetable
Easy Pumpkin Pancakes,vegetable
Simple Cucumber Pie,vegetable
Golden Mushroom Chutney,vegetable
Simple Pomegranate Wrap,fruit
Grilled Cranberry Salad,fruit
Quick Lime Juice,fruit
Spicy Lemon Chutney,fruit
Quick Leek Pulao,vegetable
Fresh Raspberry Juice,fruit
Sweet Mushroom Soup,vegetable
Buttery Cauliflower Cake,vegetable
Roasted Cabbage Soup,vegetable
Buttery Pineapple Wrap,fruit
Healthy Kale Bake,vegetable
Baked Watermelon Bread,fruit
Sweet Lemon Salsa,fruit
Herbed Celery Noodles,vegetable
Tangy Raspberry Pulao,fruit
Golden Blueberry Roll,fruit
Spicy Lettuce Salsa,vegetable
Fresh Turnip Kebab,vegetable
Tangy Spinach Pickle,vegetable
Creamy Green Beans Juice,vegetable
Traditional Garlic Fries,vegetable
Quick Plum Stew,fruit
Classic Potato Bread,vegetable
Roasted Raspberry Rice Bowl,fruit
Spicy Peach Salsa,fruit
Homestyle Peach Noodles,fruit
Easy Celery Roast,vegetable
Crispy Cucumber Masala,vegetable
Grilled Pumpkin Salad,vegetable
Sweet Broccoli Bake,vegetable
Grilled Turnip Sandwich,vegetable
Fresh Watermelon Cake,fruit
Traditional Lychee Roast,fruit
Buttery Pear Fries,fruit
Easy Bitter Gourd Smoothie,vegetable
Quick Celery Masala,vegetable
Traditional Okra Roll,vegetable
Easy Beetroot Fries,vegetable
Baked Plum Pulao,fruit
Crispy Pomegranate Gravy,fruit
Healthy Mango Roast,fruit
Quick Guava Stir Fry,fruit
Sweet Dragon Fruit Stir Fry,fruit
Fresh Garlic Cake,vegetable
Sweet Tomato Cutlet,vegetable
Roasted Grape Juice,fruit
Simple Peas Cake,vegetable
Sweet Pineapple Bake,fruit
Traditional Cabbage Pie,vegetable
Healthy Passion Fruit Curry,fruit
Easy Orange Wrap,fruit
Classic Banana Pulao,fruit
Sweet Dragon Fruit Salsa,fruit
Rich Pineapple Fries,fruit
Baked Pomegranate Noodles,fruit
Simple Banana Stir Fry,fruit
Healthy Lychee Roast,fruit
Classic Raspberry Rice Bowl,fruit
Fresh Lettuce Pickle,vegetable
Crispy Corn Pickle,vegetable
Buttery Bottle Gourd Chutney,vegetable
Crispy Kale Muffins,vegetable
Grilled Beetroot Soup,vegetable
Healthy Pomegranate Kebab,fruit
Classic Radish Chutney,vegetable
Grilled Orange Masala,fruit
Classic Turnip Rice Bowl,vegetable
Baked Asparagus Soup,vegetable
Simple Sweet Potato Wrap,vegetable
Herbed Kale Gravy,vegetable
Traditional Apricot Bread,fruit
Homestyle Tomato Chutney,vegetable
Crispy Zucchini Pickle,vegetable
Classic Celery Bread,vegetable
Baked Beetroot Pasta,vegetable
Homestyle Potato Muffins,vegetable
Grilled Broccoli Juice,vegetable
Fresh Turnip Stir Fry,vegetable
Homestyle Beetroot Stew,vegetable
Traditional Dragon Fruit Stir Fry,fruit
Baked Carrot Noodles,vegetable
Quick Celery Roll,vegetable
Grilled Raspberry Curry,fruit
Easy Okra Salsa,vegetable
Creamy Plum Soup,fruit
Buttery Pineapple Juice,fruit
Healthy Tangerine Masala,fruit
Crispy Beetroot Roast,vegetable
Buttery Pear Soup,fruit
Homestyle Onion Juice,vegetable
Traditional Sweet Potato Muffins,vegetable
Rich Onion Wrap,vegetable
Fresh Pomegranate Gravy,fruit
Fresh Celery Masala,vegetable
Quick Bitter Gourd Salad,vegetable
Homestyle Watermelon Noodles,fruit
Crispy Peas Pancakes,vegetable
Sweet Celery Pancakes,vegetable
Traditional Grape Cutlet,fruit
Simple Broccoli Masala,vegetable
Easy Strawberry Noodles,fruit
Creamy Potato Soup,vegetable
Simple Pumpkin Gravy,vegetable
Rich Guava Pulao,fruit
Grilled Papaya Roast,fruit
Homestyle Mushroom Salad,vegetable
Sweet Tomato Pasta,vegetable
Grilled Pumpkin Smoothie,vegetable
Homestyle Strawberry Pickle,fruit
Creamy Tangerine Bake,fruit
Traditional Pear Salad,fruit
Classic Plum Pancakes,fruit
Healthy Onion Cake,vegetable
Creamy Cauliflower Smoothie,vegetable
Buttery Lime Roast,fruit
Simple Blackberry Roast,fruit
Buttery Bitter Gourd Gravy,vegetable
Healthy Turnip Stir Fry,vegetable
Spicy Leek Stew,vegetable
Crispy Radish Stir Fry,vegetable
Golden Zucchini Stir Fry,vegetable
Spicy Lettuce Soup,vegetable
Spicy Lettuce Cake,vegetable
Roasted Celery Pulao,vegetable
Creamy Onion Smoothie,vegetable
Crispy Eggplant Cake,vegetable
Golden Lettuce Soup,vegetable
Crispy Spinach Salsa,vegetable
Simple Cabbage Bread,vegetable
Grilled Tomato Bread,vegetable
Golden Pear Cutlet,fruit
Quick Coconut Cake,fruit
Baked Potato Bread,vegetable
Sweet Coconut Bake,fruit
Homestyle Asparagus Rice Bowl,vegetable
Buttery Grape Noodles,fruit
Healthy Bottle Gourd Kebab,vegetable
Homestyle Pomegranate Stew,fruit
Easy Capsicum Pulao,vegetable
Buttery Eggplant Pulao,vegetable
Easy Pumpkin Cake,vegetable
Creamy Zucchini Muffins,vegetable
Roasted Corn Salad,vegetable
Simple Potato Roast,vegetable
Herbed Raspberry Juice,fruit
Quick Tomato Juice,vegetable
Simple Dragon Fruit Kebab,fruit
Sweet Pumpkin Smoothie,vegetable
Homestyle Radish Rice Bowl,vegetable
Spicy Eggplant Sandwich,vegetable
Roasted Peach Sandwich,fruit
Roasted Capsicum Pulao,vegetable
Buttery Cauliflower Sandwich,vegetable
Easy Cherry Pasta,fruit
Crispy Tangerine Bake,fruit
Sweet Kale Gravy,vegetable
Simple Cherry Rice Bowl,fruit
Classic Green Beans Juice,vegetable
Traditional Broccoli Bread,vegetable
Crispy Plum Gravy,fruit
Tangy Mango Muffins,fruit
Fresh Potato Roast,vegetable
Fresh Eggplant Chutney,vegetable
Buttery Mushroom Noodles,vegetable
Rich Capsicum Pancakes,vegetable
Creamy Garlic Tart,vegetable
Spicy Celery Kebab,vegetable
Roasted Bottle Gourd Pulao,vegetable
Easy Leek Sandwich,vegetable
Homestyle Pineapple Smoothie,fruit
Classic Beetroot Pulao,vegetable
Golden Potato Pasta,vegetable
Rich Peas Stir Fry,vegetable
Roasted Pineapple Chutney,fruit
Rich Green Beans Smoothie,vegetable
Herbed Kiwi Cutlet,fruit
Crispy Cranberry Cake,fruit
Grilled Turnip Pulao,vegetable
Crispy Cabbage Roast,vegetable
Fresh Pomegranate Roll,fruit
Baked Blackberry Chutney,fruit
Rich Guava Bake,fruit
Roasted Cauliflower Muffins,vegetable
Healthy Passion Fruit Rice Bowl,fruit
Creamy Cranberry Bake,fruit
Buttery Radish Fries,vegetable
Traditional Melon Roast,fruit
Herbed Peach Smoothie,fruit
Easy Plum Noodles,fruit
Easy Beetroot Noodles,vegetable
Rich Plum Chutney,fruit
Quick Carrot Masala,vegetable
Quick Apricot Noodles,fruit
Easy Strawberry Bread,fruit
Crispy Apricot Masala,fruit
Rich Lime Gravy,fruit
Classic Lettuce Juice,vegetable
Classic Mango Pancakes,fruit
Homestyle Garlic Tart,vegetable
Buttery Carrot Stew,vegetable
Golden Bottle Gourd Smoothie,vegetable
Classic Leek Masala,vegetable
Easy Lemon Cake,fruit
Fresh Corn Pulao,vegetable
Homestyle Passion Fruit Stir Fry,fruit
Quick Apricot Pickle,fruit
Fresh Grape Salad,fruit
Roasted Banana Muffins,fruit
Herbed Dragon Fruit Fries,fruit
Quick Lemon Salad,fruit
Crispy Okra Stir Fry,vegetable
Golden Pomegranate Tart,fruit
Sweet Beetroot Pulao,vegetable
Tangy Fig Pie,fruit
Grilled Spinach Salad,vegetable
Herbed Grape Roll,fruit
Creamy Onion Wrap,vegetable
Golden Leek Smoothie,vegetable
Healthy Tomato Noodles,vegetable
Herbed Melon Smoothie,fruit
Crispy Cabbage Pie,vegetable
Classic Lychee Tart,fruit
Tangy Leek Curry,vegetable
Healthy Kiwi Juice,fruit
Classic Watermelon Roll,fruit
Easy Celery Chutney,vegetable
Rich Bitter Gourd Salad,vegetable
Baked Mushroom Tart,vegetable
Rich Strawberry Kebab,fruit
Classic Papaya Rice Bowl,fruit
Crispy Fig Bake,fruit
Healthy Mushroom Chutney,vegetable
Healthy Tomato Sandwich,vegetable
Baked Cherry Bake,fruit
Traditional Bottle Gourd Wrap,vegetable
Easy Pear Kebab,fruit
Crispy Corn Wrap,vegetable
Golden Leek Roast,vegetable
Fresh Watermelon Tart,fruit
Baked Okra Wrap,vegetable
Quick Blackberry Curry,fruit
Healthy Dragon Fruit Bake,fruit
Roasted Cucumber Pickle,vegetable
Grilled Broccoli Pancakes,vegetable
Classic Tomato Cutlet,vegetable
Tangy Lemon Pancakes,fruit
Tangy Apricot Roast,fruit
Grilled Blueberry Pulao,fruit
Sweet Pumpkin Sandwich,vegetable
Roasted Carrot Pulao,vegetable
Spicy Grape Fries,fruit
Easy Fig Bread,fruit
Spicy Mango Pie,fruit
Sweet Watermelon Salad,fruit
Fresh Peach Smoothie,fruit
Sweet Radish Chutney,vegetable
Herbed Lettuce Cake,vegetable
Simple Fig Kebab,fruit
Baked Bitter Gourd Cake,vegetable
Healthy Pear Bake,fruit
Fresh Grape Juice,fruit
Roasted Plum Tart,fruit
Creamy Spinach Pie,vegetable
Classic Grape Curry,fruit
Grilled Passion Fruit Cutlet,fruit
Creamy Blackberry Salsa,fruit
Healthy Broccoli Stir Fry,vegetable
Roasted Garlic Cake,vegetable
Crispy Garlic Tart,vegetable
Classic Celery Sandwich,vegetable
Simple Tangerine Pancakes,fruit
Herbed Green Beans Roast,vegetable
Grilled Bitter Gourd Bread,vegetable
Classic Bottle Gourd Muffins,vegetable
Golden Passion Fruit Masala,fruit
Golden Radish Pancakes,vegetable
Simple Sweet Potato Pie,vegetable
Creamy Cucumber Pancakes,vegetable
Grilled Pumpkin Salsa,vegetable
Buttery Guava Bread,fruit
Golden Leek Gravy,vegetable
Traditional Asparagus Masala,vegetable
Quick Fig Rice Bowl,fruit
Baked Bitter Gourd Juice,vegetable
Roasted Zucchini Pasta,vegetable
Baked Passion Fruit Bake,fruit
Easy Papaya Muffins,fruit
Rich Capsicum Wrap,vegetable
Buttery Capsicum Cutlet,vegetable
Herbed Kale Chutney,vegetable
Baked Kiwi Rice Bowl,fruit
Traditional Coconut Cake,fruit
Simple Cherry Curry,fruit
Sweet Cherry Gravy,fruit
Creamy Apple Stir Fry,fruit
Buttery Plum Curry,fruit
Simple Cucumber Wrap,vegetable
Crispy Lime Bake,fruit
Tangy Banana Cutlet,fruit
Golden Zucchini Juice,vegetable
Crispy Melon Stew,fruit
Rich Peach Gravy,fruit
Sweet Grape Soup,fruit
Fresh Potato Gravy,vegetable
Healthy Grape Stir Fry,fruit
Golden Lettuce Pancakes,vegetable
Herbed Guava Smoothie,fruit
Sweet Okra Gravy,vegetable
Tangy Bitter Gourd Pancakes,vegetable
Roasted Pomegranate Rice Bowl,fruit
Herbed Tangerine Bake,fruit
Baked Watermelon Salad,fruit
Sweet Lime Curry,fruit
Baked Dragon Fruit Salsa,fruit
Baked Cranberry Cake,fruit
Healthy Cranberry Bread,fruit
Herbed Pineapple Soup,fruit
Homestyle Sweet Potato Chutney,vegetable
Easy Mango Salsa,fruit
Grilled Cabbage Pancakes,vegetable
Roasted Orange Noodles,fruit
Creamy Raspberry Pulao,fruit
Quick Blueberry Soup,fruit
Crispy Corn Soup,vegetable
Healthy Lemon Tart,fruit
Homestyle Pomegranate Cake,fruit
